Experiment,training epochs,dom A prob 0,dom A prob 1,dom B prob 0,dom B prob 1,batch size before sampling,batch size after sampling,function f, importance sampling,avg weight 0,variance,avg weight 1,variance,avg weight 0/1,avg batch-avg weight 0/1,avg unnorm weight 0,variance,avg unnorm weight 1,variance,avg unnorm weight 0/1,increase of 0,increase of 1,expected ratio 0/1, expected ratio 1/0
27082020160959,4,0.2,0.8,0.5,0.5,256,64,4,yes,todo,todo,todo,todo,todo,todo,todo,todo,todo,todo,todo
27082020161101,4,0.3,0.7,0.5,0.5,256,64,4,yes,todo,todo,todo,todo,todo,todo,todo,todo,todo,todo,todo
29082020093651,1,0.2,0.8,0.5,0.5,256,64,0,yes,0.0042553190141916275,0.0,0.0042553190141916275,0.0,1.0,1.0,16.7794132232666,0.0,16.7794132232666,0.0,1.0,2.5,0.625,4.0,0.25
01092020194854,4,0.2,0.8,0.5,0.5,256,64,4,yes,0.024232923984527588,8.572502083192823e-12,0.0038490667939186096,1.1907785847142804e-05,6.29579201452538,6.384244918823242,0.002862673718482256,1.1962722208224558e-13,0.0004546963900793344,1.661740469671713e-07,6.295791611591161,2.5,0.625,4.0,0.25
01092020195000,4,0.3,0.7,0.5,0.5,256,64,4,yes,0.011764707043766975,0.0,0.0117647061124444,0.0,1.0000000791624173,1.0,2.498253707017284e-06,5.361355707973775e-26,2.498253707017284e-06,8.419517371804517e-25,1.0,1.6666666666666667,0.7142857142857143,2.3333333333333335,0.42857142857142855
