Experiment,training epochs,dom A prob 0,dom A prob 1,dom B prob 0,dom B prob 1,batch size before sampling,batch size after sampling,function f, importance sampling,avg weight 0,variance,avg weight 1,variance,avg weight 0/1,avg batch-avg weight 0/1,avg batch-avg unnorm weight 0/1,increase of 0,increase of 1,expected ratio 0/1, expected ratio 1/0
27082020160959,4,0.2,0.8,0.5,0.5,256,64,4,yes,todo,todo,todo,todo,todo,todo,todo,todo,todo,todo,todo
27082020161101,4,0.3,0.7,0.5,0.5,256,64,4,yes,todo,todo,todo,todo,todo,todo,todo,todo,todo,todo,todo
29082020083800,1,0.2,0.8,0.5,0.5,256,64,4,yes,0.012129540555179119,7.620628366566962e-06,0.0021809274330735207,1.0375532610851224e-06,5.561643350088588,5.770746231079102,5.561643775482336,2.5,0.625,4.0,0.25
29082020090159,1,0.2,0.8,0.5,0.5,256,64,1,yes,0.0042553190141916275,0.0,0.0042553190141916275,0.0,1.0,1.0,0.9999999126819816,2.5,0.625,4.0,0.25
29082020093006,1,0.2,0.8,0.5,0.5,256,64,0,yes,0.009835540316998959,6.611880053242203e-06,0.0027471513021737337,8.486144231767412e-09,3.580268880427666,3.563936948776245,919.6019287109375,57800.046875,256.8527526855469,74.18450164794922,3.580268924883839,2.5,0.625,4.0,0.25
29082020093651,1,0.2,0.8,0.5,0.5,256,64,0,yes,0.0042553190141916275,0.0,0.0042553190141916275,0.0,1.0,1.0,16.7794132232666,0.0,16.7794132232666,0.0,1.0,2.5,0.625,4.0,0.25
